INSERT INTO ROLE(ID, ROLE) VALUES (1,'ROLE_ADMIN');
INSERT INTO ROLE(ID, ROLE) VALUES (2,'ROLE_USER_TESTE');

INSERT INTO USER_SNACKS (ID, USERNAME, PASSWORD, FIRST_NAME, LAST_NAME, EMAIL, ACTIVE, LAST_PASSWORD_RESET_DATE) VALUES (1, 'admin', '$2a$10$1cn9NZRKHOjY2W5ZHdM4iusgYeeTq8tf8vVAfHxvk2rolXeMSGtwe', 'admin', 'admin', 'admin@lulanches.com', 1, '2016-01-01');
INSERT INTO USER_SNACKS (ID, USERNAME, PASSWORD, FIRST_NAME, LAST_NAME, EMAIL, ACTIVE, LAST_PASSWORD_RESET_DATE) VALUES (2, 'user', '$2a$10$1cn9NZRKHOjY2W5ZHdM4iusgYeeTq8tf8vVAfHxvk2rolXeMSGtwe', 'user', 'user', 'user@lulanches.com', 1, '2016-01-01');

INSERT INTO USER_HAS_ROLE(USER_ID, ROLE_ID) VALUES (1,1);
INSERT INTO USER_HAS_ROLE(USER_ID, ROLE_ID) VALUES (2,2);

INSERT INTO DESCRIPTION_ITEM (ID, WORD_EN_US, WORD_PT_BR) VALUES (1,'Bread','Pão');
INSERT INTO DESCRIPTION_ITEM (ID, WORD_EN_US, WORD_PT_BR) VALUES (2,'Cheese','Queijo');
INSERT INTO DESCRIPTION_ITEM (ID, WORD_EN_US, WORD_PT_BR) VALUES (3,'Salad','Salada');
INSERT INTO DESCRIPTION_ITEM (ID, WORD_EN_US, WORD_PT_BR) VALUES (4,'Sauce','Molho');
INSERT INTO DESCRIPTION_ITEM (ID, WORD_EN_US, WORD_PT_BR) VALUES (5,'Spice','Tempero');
INSERT INTO DESCRIPTION_ITEM (ID, WORD_EN_US, WORD_PT_BR) VALUES (6,'Filling','Recheio');

INSERT INTO DESCRIPTION_ITEM (ID, WORD_EN_US, WORD_PT_BR)  VALUES (7,'Arugula','Rucula');
INSERT INTO DESCRIPTION_ITEM (ID, WORD_EN_US, WORD_PT_BR)  VALUES (8,'Lettuce','Alface');
INSERT INTO DESCRIPTION_ITEM (ID, WORD_EN_US, WORD_PT_BR)  VALUES (9,'Chard','Acelga');

INSERT INTO DESCRIPTION_ITEM (ID, WORD_EN_US, WORD_PT_BR)  VALUES (10,'Salad Burguer','X-Salada');
INSERT INTO DESCRIPTION_ITEM (ID, WORD_EN_US, WORD_PT_BR)  VALUES (11,'Chicken Burguer','X-Frango');
INSERT INTO DESCRIPTION_ITEM (ID, WORD_EN_US, WORD_PT_BR)  VALUES (12,'Meat Burguer','X-Burguer');
INSERT INTO DESCRIPTION_ITEM (ID, WORD_EN_US, WORD_PT_BR)  VALUES (13,'Pork Burguer','Tomate');
INSERT INTO DESCRIPTION_ITEM (ID, WORD_EN_US, WORD_PT_BR)  VALUES (14,'Double Meat Burger','X-Burger Duplo');

INSERT INTO DESCRIPTION_ITEM (ID, WORD_EN_US, WORD_PT_BR)  VALUES (15,'Italian','Italiano');
INSERT INTO DESCRIPTION_ITEM (ID, WORD_EN_US, WORD_PT_BR)  VALUES (16,'Spyce','Spyce');

INSERT INTO DESCRIPTION_ITEM (ID, WORD_EN_US, WORD_PT_BR)  VALUES (17,'Chilli','Pimenta');
INSERT INTO DESCRIPTION_ITEM (ID, WORD_EN_US, WORD_PT_BR)  VALUES (18,'Salt','Sal');
INSERT INTO DESCRIPTION_ITEM (ID, WORD_EN_US, WORD_PT_BR)  VALUES (19,'Oregano','Orégano');

INSERT INTO DESCRIPTION_ITEM (ID, WORD_EN_US, WORD_PT_BR)  VALUES (20,'Meat','Carne');
INSERT INTO DESCRIPTION_ITEM (ID, WORD_EN_US, WORD_PT_BR)  VALUES (21,'Pork','Porco');
INSERT INTO DESCRIPTION_ITEM (ID, WORD_EN_US, WORD_PT_BR)  VALUES (22,'Fish','Peixe');
INSERT INTO DESCRIPTION_ITEM (ID, WORD_EN_US, WORD_PT_BR)  VALUES (23,'Chicken','Frango');

INSERT INTO DESCRIPTION_ITEM (ID, WORD_EN_US, WORD_PT_BR)  VALUES (24,'Custom','Personalizado');

INSERT INTO DESCRIPTION_ITEM (ID, WORD_EN_US, WORD_PT_BR)  VALUES (25,'Pita','Sirio');
INSERT INTO DESCRIPTION_ITEM (ID, WORD_EN_US, WORD_PT_BR)  VALUES (26,'Bread Roll','Francês');
INSERT INTO DESCRIPTION_ITEM (ID, WORD_EN_US, WORD_PT_BR)  VALUES (27,'Hamburguer','Hambúrguer');

INSERT INTO DESCRIPTION_ITEM (ID, WORD_EN_US, WORD_PT_BR)  VALUES (28,'Mozzarela','Mussarela');
INSERT INTO DESCRIPTION_ITEM (ID, WORD_EN_US, WORD_PT_BR)  VALUES (29,'Cheddar','Cheddar');
INSERT INTO DESCRIPTION_ITEM (ID, WORD_EN_US, WORD_PT_BR)  VALUES (30,'Gorgonzola','Gorgônzola');

INSERT INTO DESCRIPTION_ITEM (ID, WORD_EN_US, WORD_PT_BR)  VALUES (31,'Money','Dinheiro');
INSERT INTO DESCRIPTION_ITEM (ID, WORD_EN_US, WORD_PT_BR)  VALUES (32,'Credit','Crédito');
INSERT INTO DESCRIPTION_ITEM (ID, WORD_EN_US, WORD_PT_BR)  VALUES (33,'Debit','Débito');

INSERT INTO INGRIDIENT_TYPE (ID, TYPE_ID) VALUES (1, 1); 
INSERT INTO INGRIDIENT_TYPE (ID, TYPE_ID) VALUES (2, 2);
INSERT INTO INGRIDIENT_TYPE (ID, TYPE_ID) VALUES (3, 3); 
INSERT INTO INGRIDIENT_TYPE (ID, TYPE_ID) VALUES (4, 4); 
INSERT INTO INGRIDIENT_TYPE (ID, TYPE_ID) VALUES (5, 5); 
INSERT INTO INGRIDIENT_TYPE (ID, TYPE_ID) VALUES (6, 6); 

INSERT INTO INGRIDIENT (ID, PRICE,DESCRIPTION_ID, INGRIDIENT_TYPE_ID) VALUES (1, 0.99, 8, 3);  
INSERT INTO INGRIDIENT (ID, PRICE,DESCRIPTION_ID, INGRIDIENT_TYPE_ID) VALUES (2, 1.99, 7, 3);   
INSERT INTO INGRIDIENT (ID, PRICE,DESCRIPTION_ID, INGRIDIENT_TYPE_ID) VALUES (3, 0.89, 9, 3);   

INSERT INTO INGRIDIENT (ID, PRICE,DESCRIPTION_ID, INGRIDIENT_TYPE_ID) VALUES (4, 0.50, 15, 4); 
INSERT INTO INGRIDIENT (ID, PRICE,DESCRIPTION_ID, INGRIDIENT_TYPE_ID) VALUES (5, 0.30, 16, 4); 


INSERT INTO INGRIDIENT (ID, PRICE,DESCRIPTION_ID, INGRIDIENT_TYPE_ID) VALUES (6, 2.00, 25, 1); 
INSERT INTO INGRIDIENT (ID, PRICE,DESCRIPTION_ID, INGRIDIENT_TYPE_ID) VALUES (7, 1.70, 26, 1); 
INSERT INTO INGRIDIENT (ID, PRICE,DESCRIPTION_ID, INGRIDIENT_TYPE_ID) VALUES (8, 2.50, 27, 1); 


INSERT INTO INGRIDIENT (ID, PRICE,DESCRIPTION_ID, INGRIDIENT_TYPE_ID) VALUES (9, 5.50, 20, 6); 
INSERT INTO INGRIDIENT (ID, PRICE,DESCRIPTION_ID, INGRIDIENT_TYPE_ID) VALUES (10, 6.50, 21, 6); 
INSERT INTO INGRIDIENT (ID, PRICE,DESCRIPTION_ID, INGRIDIENT_TYPE_ID) VALUES (11, 7.50, 22, 6); 
INSERT INTO INGRIDIENT (ID, PRICE,DESCRIPTION_ID, INGRIDIENT_TYPE_ID) VALUES (12, 5.40, 23, 6); 


INSERT INTO INGRIDIENT (ID, PRICE,DESCRIPTION_ID, INGRIDIENT_TYPE_ID) VALUES (13, 1.40, 28, 2); 
INSERT INTO INGRIDIENT (ID, PRICE,DESCRIPTION_ID, INGRIDIENT_TYPE_ID) VALUES (14, 1.60, 29, 2); 
INSERT INTO INGRIDIENT (ID, PRICE,DESCRIPTION_ID, INGRIDIENT_TYPE_ID) VALUES (15, 3.40, 30, 2); 


INSERT INTO INGRIDIENT (ID, PRICE,DESCRIPTION_ID, INGRIDIENT_TYPE_ID) VALUES (16, 0.40, 17, 5); 
INSERT INTO INGRIDIENT (ID, PRICE,DESCRIPTION_ID, INGRIDIENT_TYPE_ID) VALUES (17, 0.50, 18, 5); 
INSERT INTO INGRIDIENT (ID, PRICE,DESCRIPTION_ID, INGRIDIENT_TYPE_ID) VALUES (18, 0.10, 19, 5); 

INSERT INTO SNACK (ID, DESCRIPTION_ID ) VALUES (1,10);
INSERT INTO SNACK (ID, DESCRIPTION_ID ) VALUES (2,11);
INSERT INTO SNACK (ID, DESCRIPTION_ID ) VALUES (3,12);
INSERT INTO SNACK (ID, DESCRIPTION_ID ) VALUES (4,13);
INSERT INTO SNACK (ID, DESCRIPTION_ID ) VALUES (5,14);


INSERT INTO SNACKS_HAS_INGRIDIENTS(SNACK_ID, INGRIDIENT_ID) VALUES (1,1);
INSERT INTO SNACKS_HAS_INGRIDIENTS(SNACK_ID, INGRIDIENT_ID) VALUES (1,9);
INSERT INTO SNACKS_HAS_INGRIDIENTS(SNACK_ID, INGRIDIENT_ID) VALUES (1,13);
INSERT INTO SNACKS_HAS_INGRIDIENTS(SNACK_ID, INGRIDIENT_ID) VALUES (1,17);
INSERT INTO SNACKS_HAS_INGRIDIENTS(SNACK_ID, INGRIDIENT_ID) VALUES (1,8);


INSERT INTO SNACKS_HAS_INGRIDIENTS(SNACK_ID, INGRIDIENT_ID) VALUES (5,1);
INSERT INTO SNACKS_HAS_INGRIDIENTS(SNACK_ID, INGRIDIENT_ID) VALUES (5,9);
INSERT INTO SNACKS_HAS_INGRIDIENTS(SNACK_ID, INGRIDIENT_ID) VALUES (5,9);
INSERT INTO SNACKS_HAS_INGRIDIENTS(SNACK_ID, INGRIDIENT_ID) VALUES (5,13);
INSERT INTO SNACKS_HAS_INGRIDIENTS(SNACK_ID, INGRIDIENT_ID) VALUES (5,8);
INSERT INTO SNACKS_HAS_INGRIDIENTS(SNACK_ID, INGRIDIENT_ID) VALUES (5,4);
INSERT INTO SNACKS_HAS_INGRIDIENTS(SNACK_ID, INGRIDIENT_ID) VALUES (5,17);

INSERT INTO PAYMENT(ID, DESCRIPTION_ID) VALUES (1,31);
INSERT INTO PAYMENT(ID, DESCRIPTION_ID) VALUES (2,32);
INSERT INTO PAYMENT(ID, DESCRIPTION_ID) VALUES (3,33);

INSERT INTO INVOICE(ID, ADDRESS, CREATED_ON, exchange_needed, CUSTOMER_ID, DELIVERY_ID, FORM_OF_PAYMENT_ID) VALUES (1,'Alameda dos Anjos, 440','2016-12-20',0 , 2, null, 1);
INSERT INTO INVOICE_HAS_SNACKS(INVOICE_ID, SNACK_ID) VALUES (1,1);
INSERT INTO INVOICE_HAS_SNACKS(INVOICE_ID, SNACK_ID) VALUES (1,5);

INSERT INTO DELIVERY(ID, DELIVERY_DATE,DELIVERY_NUMBER, IS_DELIVERED) VALUES (1,'2016-12-21',1,0);
